{
    "battery00": {
        "Capacity_Ah": 2.1,
        "R0_Ohms": 0.00492,
        "Rp_Ohms": 0.018,
        "Cp_Farads": 850.0,
        "OCV_SOC_Table": [
            1.0,
            0.9,
            0.8,
            0.7,
            0.6,
            0.5,
            0.4,
            0.3,
            0.2,
            0.1,
            0.0
        ],
        "OCV_Voltage_Table": [
            8.3414,
            8.0164,
            7.9244,
            7.7384,
            7.5794,
            7.4334,
            7.2624,
            7.1004,
            6.9654,
            6.8304,
            6.6854
        ]
    },
    "battery01": {
        "Capacity_Ah": 2.1,
        "R0_Ohms": 0.4428,
        "Rp_Ohms": 0.018,
        "Cp_Farads": 850.0,
        "OCV_SOC_Table": [
            1.0,
            0.9,
            0.8,
            0.7,
            0.6,
            0.5,
            0.4,
            0.3,
            0.2,
            0.1,
            0.0
        ],
        "OCV_Voltage_Table": [
            9.6553,
            9.2939,
            9.2054,
            9.0279,
            8.8669,
            8.7229,
            8.5519,
            8.3879,
            8.2529,
            8.1164,
            7.9739
        ]
    },
    "battery10": {
        "Capacity_Ah": 2.1,
        "R0_Ohms": 0.04344,
        "Rp_Ohms": 0.018,
        "Cp_Farads": 850.0,
        "OCV_SOC_Table": [
            1.0,
            0.9,
            0.8,
            0.7,
            0.6,
            0.5,
            0.4,
            0.3,
            0.2,
            0.1,
            0.0
        ],
        "OCV_Voltage_Table": [
            8.4655,
            8.1005,
            8.0126,
            7.8355,
            7.6746,
            7.5305,
            7.3595,
            7.1935,
            7.0586,
            6.9245,
            6.7825
        ]
    },
    "battery11": {
        "Capacity_Ah": 2.1,
        "R0_Ohms": 0.06079,
        "Rp_Ohms": 0.018,
        "Cp_Farads": 850.0,
        "OCV_SOC_Table": [
            1.0,
            0.9,
            0.8,
            0.7,
            0.6,
            0.5,
            0.4,
            0.3,
            0.2,
            0.1,
            0.0
        ],
        "OCV_Voltage_Table": [
            8.6503,
            8.3202,
            8.2303,
            8.0472,
            7.8902,
            7.7442,
            7.5732,
            7.4112,
            7.2772,
            7.1423,
            6.9992
        ]
    },
    "battery20": {
        "Capacity_Ah": 2.1,
        "R0_Ohms": 0.03961,
        "Rp_Ohms": 0.018,
        "Cp_Farads": 850.0,
        "OCV_SOC_Table": [
            1.0,
            0.9,
            0.8,
            0.7,
            0.6,
            0.5,
            0.4,
            0.3,
            0.2,
            0.1,
            0.0
        ],
        "OCV_Voltage_Table": [
            8.4369,
            8.0689,
            7.9789,
            7.7999,
            7.6279,
            7.4839,
            7.3129,
            7.1479,
            7.0119,
            6.8769,
            6.7319
        ]
    },
    "battery21": {
        "Capacity_Ah": 2.1,
        "R0_Ohms": 0.05609,
        "Rp_Ohms": 0.018,
        "Cp_Farads": 850.0,
        "OCV_SOC_Table": [
            1.0,
            0.9,
            0.8,
            0.7,
            0.6,
            0.5,
            0.4,
            0.3,
            0.2,
            0.1,
            0.0
        ],
        "OCV_Voltage_Table": [
            8.6254,
            8.3163,
            8.2244,
            8.0354,
            7.8803,
            7.7323,
            7.5614,
            7.4003,
            7.2653,
            7.1314,
            6.9854
        ]
    },
    "battery22": {
        "Capacity_Ah": 2.1,
        "R0_Ohms": 0.0587,
        "Rp_Ohms": 0.018,
        "Cp_Farads": 850.0,
        "OCV_SOC_Table": [
            1.0,
            0.9,
            0.8,
            0.7,
            0.6,
            0.5,
            0.4,
            0.3,
            0.2,
            0.1,
            0.0
        ],
        "OCV_Voltage_Table": [
            8.6309,
            8.3149,
            8.2239,
            8.0389,
            7.8839,
            7.7349,
            7.5617,
            7.3989,
            7.2639,
            7.1289,
            6.9767
        ]
    },
    "battery23": {
        "Capacity_Ah": 2.1,
        "R0_Ohms": 0.05771,
        "Rp_Ohms": 0.018,
        "Cp_Farads": 850.0,
        "OCV_SOC_Table": [
            1.0,
            0.9,
            0.8,
            0.7,
            0.6,
            0.5,
            0.4,
            0.3,
            0.2,
            0.1,
            0.0
        ],
        "OCV_Voltage_Table": [
            8.6924,
            8.3294,
            8.2414,
            8.0624,
            7.9014,
            7.7584,
            7.5874,
            7.4264,
            7.2914,
            7.1564,
            7.0154
        ]
    },
    "battery30": {
        "Capacity_Ah": 2.1,
        "R0_Ohms": 0.04179,
        "Rp_Ohms": 0.018,
        "Cp_Farads": 850.0,
        "OCV_SOC_Table": [
            1.0,
            0.9,
            0.8,
            0.7,
            0.6,
            0.5,
            0.4,
            0.3,
            0.2,
            0.1,
            0.0
        ],
        "OCV_Voltage_Table": [
            8.4504,
            8.0943,
            8.0063,
            7.8263,
            7.6663,
            7.5224,
            7.3523,
            7.1883,
            7.0544,
            6.9214,
            6.7784
        ]
    },
    "battery31": {
        "Capacity_Ah": 2.1,
        "R0_Ohms": 0.16496,
        "Rp_Ohms": 0.018,
        "Cp_Farads": 850.0,
        "OCV_SOC_Table": [
            1.0,
            0.9,
            0.8,
            0.7,
            0.6,
            0.5,
            0.4,
            0.3,
            0.2,
            0.1,
            0.0
        ],
        "OCV_Voltage_Table": [
            8.8942,
            8.5849,
            8.4942,
            8.3079,
            8.1529,
            8.0059,
            7.8339,
            7.6732,
            7.5389,
            7.4042,
            7.2582
        ]
    },
    "battery40": {
        "Capacity_Ah": 2.1,
        "R0_Ohms": 0.04241,
        "Rp_Ohms": 0.018,
        "Cp_Farads": 850.0,
        "OCV_SOC_Table": [
            1.0,
            0.9,
            0.8,
            0.7,
            0.6,
            0.5,
            0.4,
            0.3,
            0.2,
            0.1,
            0.0
        ],
        "OCV_Voltage_Table": [
            8.448,
            8.0969,
            8.0069,
            7.828,
            7.668,
            7.524,
            7.352,
            7.1879,
            7.053,
            6.919,
            6.7769
        ]
    },
    "battery41": {
        "Capacity_Ah": 2.1,
        "R0_Ohms": 0.0556,
        "Rp_Ohms": 0.018,
        "Cp_Farads": 850.0,
        "OCV_SOC_Table": [
            1.0,
            0.9,
            0.8,
            0.7,
            0.6,
            0.5,
            0.4,
            0.3,
            0.2,
            0.1,
            0.0
        ],
        "OCV_Voltage_Table": [
            8.6191,
            8.3051,
            8.2151,
            8.0311,
            7.8761,
            7.7301,
            7.5581,
            7.3971,
            7.2631,
            7.1291,
            6.9831
        ]
    },
    "battery50": {
        "Capacity_Ah": 2.1,
        "R0_Ohms": 0.04696,
        "Rp_Ohms": 0.018,
        "Cp_Farads": 850.0,
        "OCV_SOC_Table": [
            1.0,
            0.9,
            0.8,
            0.7,
            0.6,
            0.5,
            0.4,
            0.3,
            0.2,
            0.1,
            0.0
        ],